"path","category","has_smoke","verified"
"photos for test/Charcoal Dzire Emitting Exhaust on City Road.png","smoke","1","1"
"photos for test/heavy_smoke_car_test.png","heavy_smoke","1","1"
"photos for test/Hyundai Verna Light Smoke Detection.png","light_smoke","1","1"
"photos for test/Indian Highway Traffic with Truck and MTC Bus.png","multi_vehicle","1","1"
"photos for test/Misty Chennai Street Traffic.png","fog_mist","0","1"
"photos for test/Motorcycle Commute Through the City.png","light_smoke","1","1"
"photos for test/Smoky Bin on a Campus Walkway.png","non_vehicle_smoke","0","1"
"photos for test/Smoky City Highway Commute.png","multi_vehicle","1","1"
"photos for test/Smoky Traffic on a Tree-Lined Road.png","non_vehicle_smoke","0","1"
"photos for test/Toyota Corolla on a Sunlit City Road - no smoke.png","no_smoke","0","1"
