epoch,train_loss,val_precision,val_recall,val_map50,val_map50_95,seconds
1,0.6421087692072104,0.1919191919191919,0.36538461538461536,0.23652963917155917,0.10506743116265178,85.3
2,0.6996888852381444,0.19424460431654678,0.4153846153846154,0.3202791658266175,0.13952293003122113,62.8
3,0.7150642848931826,0.208,0.4,0.3265976843992563,0.15535708070321447,58.3
4,0.7006303720421844,0.21212121212121213,0.4307692307692308,0.3307675036159937,0.1536510190067111,56.7
5,0.7572106486493415,0.21364452423698385,0.4576923076923077,0.3304225216424805,0.15981023059298097,54.6
6,0.6873320216660971,0.27790973871733965,0.45,0.3545385841881018,0.17133275418399457,54.8
7,0.7020139225891658,0.2042483660130719,0.4807692307692308,0.33641787751799856,0.16929772121248615,54.3
8,0.7054460087975303,0.18619582664526485,0.4461538461538462,0.3356532208763857,0.1713471204941796,54.7
9,0.6793448928293291,0.3277310924369748,0.45,0.36369716183569084,0.1792846977540527,53.6
10,0.6948895277557793,0.21161048689138576,0.4346153846153846,0.348937227984261,0.1605161077577915,48.9
11,0.715255944283454,0.1742857142857143,0.46923076923076923,0.3169408551054942,0.14154924872891922,41.8
12,0.7131076979113149,0.2827763496143959,0.4230769230769231,0.29855142479950303,0.13850905813100506,41.4
13,0.6824131843807933,0.3236994219653179,0.4307692307692308,0.370448959955201,0.1760205657906973,41.1
14,0.6996709383451022,0.2917647058823529,0.47692307692307695,0.3560056766433449,0.16820810563959968,40.4
15,0.6649688351285327,0.29737609329446063,0.3923076923076923,0.310912409035541,0.13835100465226913,40.5
16,0.6549344894650219,0.3495440729483283,0.4423076923076923,0.3367608407425724,0.13379961347571326,40.9
17,0.6724228364425701,0.32386363636363635,0.43846153846153846,0.2931718406938403,0.12829447891890072,39.8
18,0.6703823516657065,0.3255131964809384,0.4269230769230769,0.3004464043136171,0.15035494301073174,40.9
19,0.6600804155344492,0.3343465045592705,0.4230769230769231,0.30185780769673676,0.14174268999770384,38.7
20,0.6997414195275569,0.30256410256410254,0.45384615384615384,0.3264218994126222,0.14997749399730292,38.9
21,0.6302485492203261,0.3883495145631068,0.46153846153846156,0.39097927948623307,0.175901124971611,39.5
22,0.6169254714316064,0.31868131868131866,0.4461538461538462,0.35365546428675604,0.15889485566040643,39.7
23,0.6410402960174686,0.30413625304136255,0.4807692307692308,0.37470717028925604,0.17513681116499427,45.8
24,0.6067775108002045,0.2860169491525424,0.5192307692307693,0.3344176521026111,0.14700578190266111,39.6
25,0.5709079923210564,0.3032581453634085,0.4653846153846154,0.36840843181985267,0.18302103342011794,49.4
26,0.6058118032230125,0.2935323383084577,0.45384615384615384,0.3474747607487175,0.15607473830548985,39.7
27,0.5927753789084298,0.36890243902439024,0.4653846153846154,0.38996642961132705,0.15886125311885052,39.7
28,0.6033654782798265,0.4127659574468085,0.3730769230769231,0.3552825400153793,0.1691643983182164,39.0
29,0.6090049606103164,0.27593818984547464,0.4807692307692308,0.39428529467832707,0.17080245353090412,45.7
30,0.5788054423672813,0.3109919571045576,0.4461538461538462,0.3448329283730934,0.16184260145258253,46.0
31,0.5744171201527773,0.328804347826087,0.4653846153846154,0.3666948586165392,0.1732456290400498,39.4
32,0.5724989922492059,0.358974358974359,0.4307692307692308,0.37593031717926984,0.16253148193918032,39.2
33,0.5638247987071237,0.2818181818181818,0.47692307692307695,0.34293291511728236,0.16625175634285327,38.7
34,0.4643634875397106,0.391156462585034,0.4423076923076923,0.38721765985574164,0.1848963217291404,38.9
35,0.41673818427127796,0.420863309352518,0.45,0.4029787444334618,0.18944847982015384,37.2
36,0.3798651654314209,0.4559386973180077,0.4576923076923077,0.4128541249537606,0.19656200930164308,37.4
37,0.35133764753629876,0.4423791821561338,0.4576923076923077,0.41760024482988634,0.20337363049617826,38.1
38,0.3226478501008107,0.44787644787644787,0.4461538461538462,0.41095306811434473,0.19511414015336404,37.9
39,0.3032939990798196,0.4642857142857143,0.45,0.4118719732367956,0.19475316736741094,38.5
40,0.29533717527494324,0.45627376425855515,0.46153846153846156,0.41528189200090515,0.19787599749819795,37.6
41,0.29477329306550076,0.4496124031007752,0.4461538461538462,0.4137861276270407,0.19397947412411629,37.5
42,0.27426668755955746,0.448,0.4307692307692308,0.41573040718508686,0.19631637091205895,36.8
43,0.25962052093102383,0.47346938775510206,0.4461538461538462,0.42272936522628823,0.20001169212855568,37.0
44,0.25152071573577084,0.4603174603174603,0.4461538461538462,0.41977989435202323,0.19962518612399419,37.2
45,0.2443476336506697,0.4691358024691358,0.43846153846153846,0.4180101984653414,0.19711404937419713,37.4
46,0.22246840473387267,0.47540983606557374,0.4461538461538462,0.4200090147164984,0.19848068113042516,37.1
47,0.22134314199070354,0.47107438016528924,0.43846153846153846,0.42067924272697343,0.19912215528628507,37.2
48,0.21739112577595554,0.475,0.43846153846153846,0.4218612159302624,0.19882126193418365,37.5
49,0.21873154867808897,0.4730290456431535,0.43846153846153846,0.4220421116897628,0.19921718619834547,37.0
50,0.21608662400599365,0.4789915966386555,0.43846153846153846,0.42235892954413246,0.2004770326658203,37.7
